depth_cm,label
1.1989646817946882,Moderate
1.973324023715856,Moderate
3.3749150077920174,Critical
2.084119179267005,Moderate
1.1574590188808653,Moderate
3.517601723590146,Critical
0.509167110699921,Non-Critical
2.7278266721375632,Critical
1.544453445239214,Moderate
1.1450170827077828,Moderate
0.4520770447152368,Non-Critical
3.008429695789244,Critical
3.470012527544057,Critical
3.1233088831098654,Critical
0.9107671896644375,Non-Critical
0.6176111429447764,Non-Critical
3.513101790603719,Critical
2.620555121791064,Critical
3.4993957674605864,Critical
0.516370554759877,Non-Critical
1.227193850205609,Moderate
2.695560177614375,Critical
0.9039836369633782,Non-Critical
1.2967690591764554,Moderate
2.70221061890521,Critical
3.1644222124659125,Critical
0.6526156832180412,Non-Critical
0.5920875168626036,Non-Critical
2.9869792621331075,Critical
3.14201100813471,Critical
2.6933885671734417,Critical
0.860473277513854,Non-Critical
3.13064826902373,Critical
1.255969858099919,Moderate
0.9986760718406835,Non-Critical
3.0719622917956126,Critical
0.6371972603565981,Non-Critical
3.189879726121716,Critical
0.9683700763869211,Non-Critical
2.6721135556252396,Critical
3.0522187416299302,Critical
2.677176442788764,Critical
1.3301813149375206,Moderate
2.662412207609325,Critical
3.5347335305814203,Critical
1.9257230420238862,Moderate
2.762483263352189,Critical
1.2152217761406907,Moderate
3.1270565805402266,Critical
3.0846458390832714,Critical
1.5956647649578939,Moderate
2.6914217744891826,Critical
1.6063681237828245,Moderate
3.4927986169972662,Critical
2.018316646682502,Moderate
1.640244028293119,Moderate
1.6108720207651632,Moderate
3.1325124502789183,Critical
3.5493068158480385,Critical
3.3517735581079173,Critical
2.987411135469048,Critical
1.2542293195731922,Moderate
0.47169053625699997,Non-Critical
2.7923912506478024,Critical
2.0717997008883855,Moderate
0.8788542872088749,Non-Critical
1.7107076307895956,Moderate
0.4849845870881843,Non-Critical
0.668633953704156,Non-Critical
1.6280164589116128,Moderate
0.6045834544697744,Non-Critical
1.6733101409812843,Moderate
3.042387557936162,Critical
1.1974685943471504,Moderate
2.6199897075478265,Critical
3.4924376176626812,Critical
1.1652767379037323,Moderate
1.5809980968903903,Moderate
2.661025880163729,Critical
1.2522820060104634,Moderate
0.6753565526087799,Non-Critical
3.5327329764223894,Critical
1.610270526348063,Moderate
0.8991201035372182,Non-Critical
0.7468200208507323,Non-Critical
1.9768830147239356,Moderate
2.7372749453262495,Critical
3.1065382093955773,Critical
0.6759541666912929,Non-Critical
0.47621254403436913,Non-Critical
0.864932792511808,Non-Critical
2.642456774540722,Critical
0.6453722864808293,Non-Critical
0.9425430451929596,Non-Critical
1.286370914331405,Moderate
0.8597925019212521,Non-Critical
1.5191520299917527,Moderate
1.1630811709561446,Moderate
3.5105804866397525,Critical
0.6431848568553734,Non-Critical
0.7129805673951607,Non-Critical
3.4960135218071597,Critical
1.2519684522459276,Moderate
0.8291495543448507,Non-Critical
1.9200025332957829,Moderate
3.0831584016179705,Critical
0.46754701234793605,Non-Critical
1.5728998048237015,Moderate
0.7443853128391956,Non-Critical
2.048227534111967,Moderate
0.5219961983343833,Non-Critical
3.08381041478567,Critical
3.0755124908549396,Critical
0.8768127531101232,Non-Critical
1.1631863441730832,Moderate
1.0223158929455163,Non-Critical
3.5662477839690814,Critical
1.215191871281878,Moderate
0.5384573750983404,Non-Critical
0.691311880531892,Non-Critical
0.6597041110691154,Non-Critical
1.9968245662780866,Moderate
0.9122388141899329,Non-Critical
0.7730396041252168,Non-Critical
0.9237408161431546,Non-Critical
3.516342173519401,Critical
0.6522344245590095,Non-Critical
3.1168200469344938,Critical
1.55551048368514,Moderate
1.6736706540720878,Moderate
0.5245726294969795,Non-Critical
3.1139071863227312,Critical
2.6623236209821313,Critical
1.9095927976564626,Moderate
0.9157521518058086,Non-Critical
2.058283604494191,Moderate
1.2288354180771701,Moderate
0.6777939272817242,Non-Critical
0.42932413381736734,Non-Critical
3.5334163009054,Critical
1.9584238613666811,Moderate
2.681778087386777,Critical
0.8880250682206627,Non-Critical
1.2705080997650968,Moderate
0.4687187946799302,Non-Critical
0.671027995720915,Non-Critical
3.117865971135531,Critical
0.5136660628268437,Non-Critical
3.1483649617921388,Critical
2.0209732446426623,Moderate
2.0290197982429303,Moderate
1.6784999242499474,Moderate
1.9698640318484888,Moderate
1.522963275186796,Moderate
2.0197118824721016,Moderate
3.4376341265152917,Critical
0.8628660572649424,Non-Critical
1.9145386948044922,Moderate
0.7273044615415714,Non-Critical
3.4861649954957143,Critical
3.464322300931482,Critical
2.0552470244478864,Moderate
1.1367784819411393,Moderate
1.9607011696034322,Moderate
1.2828688060116247,Moderate
3.1724672400618155,Critical
0.7925231616921876,Non-Critical
0.40054162143513633,Non-Critical
2.571762782908972,Critical
1.5985958462447984,Moderate
0.49059040714744595,Non-Critical
3.5722562978463266,Critical
0.6888588912121394,Non-Critical
1.560829947305169,Moderate
2.756684023937835,Critical
0.9113054005022185,Non-Critical
1.6195748018674054,Moderate
1.5567328583949083,Moderate
1.9945883330838514,Moderate
1.27686787759489,Moderate
1.9707040894774208,Moderate
1.6484902243695874,Moderate
0.9730899583773652,Non-Critical
2.1005463056200258,Moderate
1.9463192135431218,Moderate
3.5225158639021905,Critical
0.8437388244810082,Non-Critical
0.9640472104390212,Non-Critical
1.2958222438367706,Moderate
3.487711924999355,Critical
0.7975069492087509,Non-Critical
2.039309963432646,Moderate
0.8556304988998773,Non-Critical
0.4636316129670434,Non-Critical
3.445326431476901,Critical
2.0329742107125948,Moderate
3.395127452119493,Critical
0.9693496364954419,Non-Critical
1.9835395300820495,Moderate
1.157662795355799,Moderate
0.9300947824303221,Non-Critical
1.5850173467972317,Moderate
1.9572236773545713,Moderate
0.5433887760263091,Non-Critical
2.7768482826958825,Critical
1.6072757402667799,Moderate
0.8142120857810842,Non-Critical
3.484671718935647,Critical
1.2421968445776677,Moderate
3.4544712558039277,Critical
2.0189843790306994,Moderate
1.1846940475770023,Moderate
1.7060571701316833,Moderate
3.172558942451053,Critical
3.5111561009203083,Critical
3.102012825100023,Critical
1.5933949393593438,Moderate
2.041726277368453,Moderate
1.148398387741921,Moderate
0.6811702638488257,Non-Critical
0.8678608215179638,Non-Critical
0.5895449285616458,Non-Critical
2.6942895054111085,Critical
2.56741458325404,Critical
0.9128347249521543,Non-Critical
2.721009429936247,Critical
0.48419375640157564,Non-Critical
3.559381719636056,Critical
2.718310479889197,Critical
0.9208685401515915,Non-Critical
3.4916536034945715,Critical
3.0688199655370894,Critical
0.6967477163640595,Non-Critical
1.5506879944741703,Moderate
2.684412683458878,Critical
1.1661244227154117,Moderate
0.7387614593425357,Non-Critical
3.586449767044285,Critical
1.2509755458832315,Moderate
3.0626950871673744,Critical
3.090461976983273,Critical
1.880830564852132,Moderate
0.9123503353742087,Non-Critical
0.6033705489529695,Non-Critical
1.9667061144439781,Moderate
3.033975550792148,Critical
2.6599894151699077,Critical
0.45465315074520496,Non-Critical
1.5586595447303464,Moderate
2.064342113132275,Moderate
3.4501790686998803,Critical
2.6826238293903244,Critical
1.608473693559663,Moderate
3.384019463662439,Critical
1.2412856820712654,Moderate
3.5114740857731803,Critical
0.40510322407492516,Non-Critical
3.127927447963711,Critical
0.6177910590799076,Non-Critical
2.6948801646694456,Critical
2.6923157447818995,Critical
2.018274367251925,Moderate
2.708863068347443,Critical
2.6483868664711085,Critical
0.8650373950917977,Non-Critical
1.0031947267828334,Non-Critical
2.036301451651957,Moderate
2.7309095357332653,Critical
2.6272588757371107,Critical
3.4429919540436886,Critical
1.9076831494439759,Moderate
0.5811486724314691,Non-Critical
3.150375538549328,Critical
0.7433183117492519,Non-Critical
3.0685966958137314,Critical
1.9607101865308614,Moderate
1.550098820335306,Moderate
2.633872943335416,Critical
1.6053552515004736,Moderate
0.650945642094186,Non-Critical
2.0723529348015552,Moderate
2.717636008151317,Critical
3.0802377927498266,Critical
0.8917366014988782,Non-Critical
2.628813278230047,Critical
2.037619186635634,Moderate
1.6962248018506287,Moderate
0.495587727485345,Non-Critical
1.1994901942187477,Moderate
2.1053442366639072,Moderate
1.961828034134467,Moderate
2.953470281207361,Critical
0.8151188845240939,Non-Critical
3.0794125291157677,Critical
0.8812605423640871,Non-Critical
0.8910714016053073,Non-Critical
0.5467554380511392,Non-Critical
0.4809687576466818,Non-Critical
1.232577031032198,Moderate
2.7120829859910422,Critical
3.552276613739484,Critical
2.643650604489957,Critical
0.4319491536046265,Non-Critical
0.519729971068527,Non-Critical
3.0470859474581182,Critical
3.5369706336150473,Critical
3.509492169641872,Critical
3.53781240818149,Critical
3.0031516533647293,Critical
1.5782134955916631,Moderate
2.6560245185670532,Critical
0.8626902623221475,Non-Critical
2.674962762812154,Critical
0.543782776592665,Non-Critical
1.2138207182126877,Moderate
2.7719352741179617,Critical
3.5139287957255902,Critical
0.6956036295290051,Non-Critical
0.9039225065388956,Non-Critical
1.1148610694053345,Moderate
0.6030623686498237,Non-Critical
1.1839729810831225,Moderate
1.5415161999487792,Moderate
0.47611988533334104,Non-Critical
2.638881284373005,Critical
3.1892659197112363,Critical
0.891506275821013,Non-Critical
1.588208287809291,Moderate
0.954807118317767,Non-Critical
0.6968596638428022,Non-Critical
0.4828232140587151,Non-Critical
1.2800023640659803,Moderate
2.010543230104404,Moderate
0.862465103174792,Non-Critical
0.6802041017794701,Non-Critical
2.6328912416814547,Critical
0.663707088965643,Non-Critical
1.6210808414954916,Moderate
0.8966903683655619,Non-Critical
2.6951910531538337,Critical
3.505519786280611,Critical
1.98440543438723,Moderate
3.025168065504834,Critical
0.4863004117551498,Non-Critical
1.1602978229150573,Moderate
1.9766011843337854,Moderate
0.5280770577309822,Non-Critical
3.4832030387479924,Critical
1.2051236183551577,Moderate
3.446401872385489,Critical
2.6377897060569566,Critical
0.995397424667344,Non-Critical
0.7188034798160385,Non-Critical
3.406907742337874,Critical
0.9838297399122848,Non-Critical
1.1801402845041462,Moderate
0.8449189085212869,Non-Critical
2.6148003568694813,Critical
0.48779456407389493,Non-Critical
0.8407657678168838,Non-Critical
1.207964889191482,Moderate
3.0982194631904956,Critical
3.4154018675415116,Critical
0.9734381872327291,Non-Critical
1.20463397230145,Moderate
1.1477368609300762,Moderate
0.916314947171578,Non-Critical
0.45696584784177374,Non-Critical
2.007058450941632,Moderate
0.6578433670994125,Non-Critical
1.5682834503237228,Moderate
0.6939957377465628,Non-Critical
1.9595273135451337,Moderate
2.7316428957303653,Critical
0.6519501829037839,Non-Critical
2.778071910090179,Critical
3.420360287013924,Critical
2.763849041609902,Critical
3.023217896503694,Critical
1.5276497711792494,Moderate
0.8657378596410488,Non-Critical
1.9650489073448036,Moderate
2.761301695495534,Critical
1.9407407709733842,Moderate
0.8866144586476263,Non-Critical
1.6064964927083039,Moderate
2.7174675311280216,Critical
2.033001874589517,Moderate
0.9317355321045002,Non-Critical
0.6309418034254612,Non-Critical
0.6592915009006943,Non-Critical
0.8745011411832873,Non-Critical
1.7286258718484866,Moderate
3.1159700131895613,Critical
1.960059712755351,Moderate
0.6676294897149191,Non-Critical
1.9257218998384464,Moderate
2.9522190587827466,Critical
0.8366701865134579,Non-Critical
0.7133887098746255,Non-Critical
1.1734589085935176,Moderate
3.5198516650007745,Critical
1.150357659608303,Moderate
1.1520994199649386,Moderate
3.022818739873896,Critical
0.5403050108400068,Non-Critical
0.9056685269012612,Non-Critical
0.46003317678375133,Non-Critical
0.8342485447231124,Non-Critical
1.6341196254906398,Moderate
1.949584555686287,Moderate
2.7114385014464473,Critical
1.5972647781575364,Moderate
2.631987081685534,Critical
1.6574128212257995,Moderate
0.532250834465753,Non-Critical
3.4552826976961235,Critical
0.9140904274341777,Non-Critical
2.7486831755672045,Critical
1.54439778728204,Moderate
1.2654123303439955,Moderate
0.4474913940159645,Non-Critical
0.548737590754329,Non-Critical
2.6570396990712215,Critical
3.4685757634931607,Critical
1.651689308396945,Moderate
0.5199551602649126,Non-Critical
0.7209398914100273,Non-Critical
0.3950049007137439,Non-Critical
0.5710013958893552,Non-Critical
1.6704953108637515,Moderate
3.113618487763712,Critical
0.5563471571606149,Non-Critical
0.4825815318382964,Non-Critical
0.827827660153158,Non-Critical
0.5698045784622372,Non-Critical
1.1547596248392789,Moderate
2.717631360195859,Critical
1.9826308583200734,Moderate
0.5006289251175917,Non-Critical
3.056590328467961,Critical
0.6527371724063311,Non-Critical
0.5157373152794794,Non-Critical
1.212169945820027,Moderate
1.9864311753534138,Moderate
0.5641396428051357,Non-Critical
1.2285587033145524,Moderate
1.095748585166006,Moderate
3.394602332911128,Critical
2.700699261093265,Critical
1.2075460763403247,Moderate
2.724727832766143,Critical
0.9035067759183064,Non-Critical
2.699121858676128,Critical
2.727129723164598,Critical
3.5397466126457813,Critical
3.4926278755040916,Critical
3.524538335449691,Critical
1.206343348814792,Moderate
0.8243119186680012,Non-Critical
3.4756902934650475,Critical
0.41803050472677156,Non-Critical
2.6583481638602,Critical
0.7687426657951599,Non-Critical
1.2184679029849952,Moderate
0.922415485287819,Non-Critical
0.6832533981363196,Non-Critical
0.6539772121875349,Non-Critical
1.584751339064345,Moderate
0.5251825143762027,Non-Critical
1.5371308762509317,Moderate
3.5235568146699965,Critical
1.8890262870688475,Moderate
3.543827180204076,Critical
1.1528660042734329,Moderate
0.9224071072313353,Non-Critical
2.6863074747226885,Critical
0.38109730186246,Non-Critical
2.002302906928856,Moderate
3.5998648265373996,Critical
1.1503151061446757,Moderate
0.7235625228922946,Non-Critical
0.8670251151913365,Non-Critical
0.5362853991659361,Non-Critical
2.718172716891954,Critical
2.6456716070204704,Critical
0.4871341057367164,Non-Critical
3.031180625046103,Critical
0.4336033743003279,Non-Critical
1.5945731683657423,Moderate
3.512522315013038,Critical
0.8338205849299306,Non-Critical
3.1074313547651418,Critical
0.857250760954581,Non-Critical
3.4841046725685767,Critical
0.9180598942026998,Non-Critical
0.9382671268068143,Non-Critical
2.681936478749828,Critical
3.443028549945421,Critical
3.572702509072873,Critical
1.2791414723386667,Moderate
0.9655019846433476,Non-Critical
0.9522532332885563,Non-Critical
0.6289136326481268,Non-Critical
3.1522436406227214,Critical
3.539540306084504,Critical
1.1814291131958965,Moderate
1.23147020030511,Moderate
0.4305238323890937,Non-Critical
0.38329114788948476,Non-Critical
3.580555807424981,Critical
0.5034050481718859,Non-Critical
1.6203631946867736,Moderate
1.538764761117473,Moderate
1.156679193067028,Moderate
0.4884470160050255,Non-Critical
0.7311645533125984,Non-Critical
3.16595065988707,Critical
0.4014992484014212,Non-Critical
1.6705658492938358,Moderate
1.2021315512218873,Moderate
0.4323096240226571,Non-Critical
1.212334157480537,Moderate
0.9101603466696953,Non-Critical
1.5983831440652394,Moderate
0.9023101637907477,Non-Critical
1.9729008299886903,Moderate
0.49843226496617493,Non-Critical
1.9296542917199069,Moderate
2.039234435806584,Moderate
3.578235901083495,Critical
0.9675840686430054,Non-Critical
2.675860492063768,Critical
0.9568978384700024,Non-Critical
0.4339788426577795,Non-Critical
3.1257705201450405,Critical
0.6303082423982687,Non-Critical
3.068620623178154,Critical
1.5502154886579098,Moderate
0.9595796807091284,Non-Critical
1.2489420670618598,Moderate
3.0217120463909746,Critical
3.0542421942077036,Critical
0.8063922248783302,Non-Critical
3.512882021046058,Critical
1.973923067760681,Moderate
0.8751637648603148,Non-Critical
3.052260409143459,Critical
0.4974706299283285,Non-Critical
1.1268771307572922,Moderate
2.0044796383684216,Moderate
3.08892319421346,Critical
3.1481480286624723,Critical
3.09744014440917,Critical
2.051379053527691,Moderate
1.619600546868288,Moderate
3.148132878624342,Critical
1.6566894636282008,Moderate
2.6134664197246393,Critical
0.9175965385409329,Non-Critical
0.878622275933524,Non-Critical
0.4979952543947782,Non-Critical
1.981329553158806,Moderate
0.7711547574755809,Non-Critical
3.1007263940968786,Critical
0.41702015808367976,Non-Critical
1.5461208376198146,Moderate
0.635462673154219,Non-Critical
3.110139863844889,Critical
3.5047091529116154,Critical
3.0479206183689365,Critical
3.4054026873344045,Critical
0.7703307766825321,Non-Critical
1.863023343885526,Moderate
2.7065528913023074,Critical
1.5871239400545105,Moderate
1.1776965310770582,Moderate
2.759680928592819,Critical
0.5183526763340444,Non-Critical
0.7234863669867524,Non-Critical
1.2489792670577986,Moderate
1.6580046423321777,Moderate
1.5969491324485796,Moderate
0.7276938160139416,Non-Critical
1.5880114493553206,Moderate
3.489138692089066,Critical
0.5317921669132966,Non-Critical
0.4688996238049156,Non-Critical
2.688535367322385,Critical
0.8755990049219033,Non-Critical
0.6621194137728876,Non-Critical
2.98751081110242,Critical
1.6428605176778306,Moderate
2.7188022184811307,Critical
3.0064390941969505,Critical
3.5030234224058683,Critical
3.492899839279624,Critical
0.7058234207525711,Non-Critical
3.089465499281842,Critical
2.7681714356042852,Critical
3.5462178878593718,Critical
3.4856875633222155,Critical
1.5880191422282677,Moderate
0.9210181062921312,Non-Critical
2.0908263498070054,Moderate
3.188567062113384,Critical
1.6169904287245216,Moderate
1.7428719211569934,Moderate
3.066244302392827,Critical
0.752447643318072,Non-Critical
1.861866224716313,Moderate
3.1454300679946057,Critical
0.5358674228804339,Non-Critical
0.4954840494872435,Non-Critical
0.9375211777201788,Non-Critical
0.5431546226805454,Non-Critical
1.969770069191023,Moderate
3.035680333245815,Critical
0.7169497255237413,Non-Critical
1.6018240377807116,Moderate
2.027266163098353,Moderate
3.1494276621232657,Critical
0.6975758049764672,Non-Critical
1.6405867854998253,Moderate
2.6421826169867337,Critical
0.4909384482726649,Non-Critical
0.7755568283179567,Non-Critical
1.1053414419380947,Moderate
0.5427119930288417,Non-Critical
0.6636213159089303,Non-Critical
0.5970433469590934,Non-Critical
3.1241033417762765,Critical
0.46365028137963266,Non-Critical
0.9734040911332649,Non-Critical
3.128978057123824,Critical
0.47793427530521587,Non-Critical
3.130132622315325,Critical
1.1952902712324582,Moderate
1.480936632993904,Moderate
2.701455497328834,Critical
0.49229833417120666,Non-Critical
3.0995602655257217,Critical
0.7581231502340997,Non-Critical
2.116892255958608,Moderate
3.0581268297957402,Critical
3.12903885476649,Critical
2.719144286819253,Critical
0.7068387058658349,Non-Critical
1.5905706933496997,Moderate
2.0136431259012886,Moderate
0.7559543542425513,Non-Critical
0.41066367030775447,Non-Critical
3.101730593709263,Critical
0.6546784470361418,Non-Critical
3.0793925310771515,Critical
3.5476026826569944,Critical
3.5216297225863076,Critical
1.2134081390477658,Moderate
2.759386254663097,Critical
1.2242540883532065,Moderate
0.9383091983425143,Non-Critical
0.862398563876922,Non-Critical
1.1190464089940917,Moderate
3.5467773562732576,Critical
3.0096151570112535,Critical
1.573140310299329,Moderate
1.2312837785798076,Moderate
1.6943094579278042,Moderate
2.0485248990431866,Moderate
2.0097551986571442,Moderate
3.4987851308114593,Critical
0.7334098921778816,Non-Critical
0.5279257590803781,Non-Critical
1.9356546279731812,Moderate
1.6007036041436753,Moderate
1.6059398269951453,Moderate
0.9890613463790784,Non-Critical
0.6595684765063722,Non-Critical
2.664025988335761,Critical
0.7118669051896923,Non-Critical
1.5859633299574645,Moderate
3.596689674259409,Critical
1.1160444786188142,Moderate
1.6617623694155137,Moderate
1.8780375180713693,Moderate
0.6349088623889451,Non-Critical
3.2162889895940845,Critical
3.4643831467793644,Critical
3.0856888525079667,Critical
1.62476364730343,Moderate
1.552473189640713,Moderate
2.0202491159462337,Moderate
2.0715459509412177,Moderate
3.099317660410235,Critical
0.7463772888656771,Non-Critical
0.6887216489465697,Non-Critical
3.4406464786812814,Critical
3.081908373145783,Critical
1.602059001017459,Moderate
1.9628069536452184,Moderate
0.8653406526928777,Non-Critical
2.011214469970846,Moderate
0.5998593130737084,Non-Critical
1.9929298664587312,Moderate
2.0300479642349947,Moderate
2.660879183301928,Critical
3.510169412030997,Critical
2.645878640130586,Critical
3.103150118416735,Critical
3.1383658620230612,Critical
2.7181849075171485,Critical
3.095606162879219,Critical
2.692040756430997,Critical
3.10180299633989,Critical
1.1774024510073244,Moderate
1.5743181869642546,Moderate
1.6,Moderate
0.8595450366402546,Non-Critical
0.7373423405317147,Non-Critical
1.6194518795216883,Moderate
0.8840447129723513,Non-Critical
2.733279261815672,Critical
0.908546918556415,Non-Critical
0.90976904579694,Non-Critical
0.7691436119520366,Non-Critical
1.5592086676007784,Moderate
1.1987180469826162,Moderate
1.2234680329810386,Moderate
1.9078226291270646,Moderate
0.6652160440241658,Non-Critical
3.501945660345073,Critical
0.5395037774736116,Non-Critical
0.4665812658350233,Non-Critical
0.6809783619508993,Non-Critical
0.7714169153131956,Non-Critical
3.4197364376433717,Critical
0.4673962715298603,Non-Critical
0.9091194607361938,Non-Critical
0.5615989701632511,Non-Critical
1.4882482251050668,Moderate
0.964066692823226,Non-Critical
0.462899328755513,Non-Critical
1.5892425417114437,Moderate
1.9760958471123087,Moderate
2.0485503167979595,Moderate
3.1236543599013737,Critical
2.740350414097224,Critical
0.9203564901604139,Non-Critical
3.119385157063101,Critical
2.0369846254206463,Moderate
3.5395400860589494,Critical
1.5911570403213602,Moderate
2.650742098384459,Critical
2.762281748008594,Critical
0.41328071187755494,Non-Critical
3.095920611515744,Critical
2.7758220050294704,Critical
3.4556152172142722,Critical
1.634201895655869,Moderate
0.511423034086616,Non-Critical
0.7120726079801214,Non-Critical
1.2253864225819127,Moderate
0.831612305060147,Non-Critical
1.9980450539391723,Moderate
0.4847566068503296,Non-Critical
1.6334277671628368,Moderate
2.666768699996844,Critical
1.623274838708314,Moderate
2.7718888469958234,Critical
0.5012981056716752,Non-Critical
0.46958162520479907,Non-Critical
1.2787960144272694,Moderate
2.671925848660856,Critical
0.44722831095221477,Non-Critical
3.0174120425910367,Critical
0.6581088370611174,Non-Critical
0.5128229455429266,Non-Critical
0.5168311853313672,Non-Critical
1.6091457365064354,Moderate
3.258942683968377,Critical
2.7157038611934903,Critical
0.5161541628968951,Non-Critical
1.9132511958977283,Moderate
2.7296777347452785,Critical
0.9085325970875026,Non-Critical
1.6183225573285775,Moderate
2.079510940281089,Moderate
3.519484585266,Critical
0.9133770143063277,Non-Critical
1.9770959099165937,Moderate
1.1968340070144519,Moderate
0.6622176641787403,Non-Critical
3.130840709984489,Critical
1.5719775595102814,Moderate
2.683219631594068,Critical
0.5490536399345917,Non-Critical
1.6010018645433157,Moderate
1.640035956083483,Moderate
3.1362141338728113,Critical
0.6222644963460073,Non-Critical
3.1348908419500003,Critical
3.1387247351932688,Critical
2.038993480626139,Moderate
1.2190635695040488,Moderate
0.707579492240976,Non-Critical
1.2277572840972415,Moderate
1.1952517344703664,Moderate
0.5479403328005481,Non-Critical
0.7679092073552489,Non-Critical
1.136025160204305,Moderate
2.656884102026223,Critical
3.551291842144262,Critical
3.1562521960854015,Critical
0.4793197378627791,Non-Critical
0.839266583634572,Non-Critical
1.6363049180723168,Moderate
1.1828923554633977,Moderate
2.0423152031153866,Moderate
1.2244334262233654,Moderate
0.704576321961943,Non-Critical
0.48241603101947417,Non-Critical
0.9303526717385276,Non-Critical
0.6915578707398516,Non-Critical
0.4190886365240804,Non-Critical
2.064496484930912,Moderate
1.9882424676692783,Moderate
3.5055306561289337,Critical
0.6471867295854665,Non-Critical
0.56547628182572,Non-Critical
1.9996216351684424,Moderate
0.9613470438217969,Non-Critical
1.5999040799995474,Moderate
3.4969874076799354,Critical
1.2056899782670147,Moderate
0.4847829697541039,Non-Critical
1.1042217417765503,Moderate
0.8629490710110552,Non-Critical
2.9941672775514734,Critical
1.2645514527592068,Moderate
1.594261102549904,Moderate
0.7366319783232745,Non-Critical
1.969191245791274,Moderate
2.0539504819618055,Moderate
0.6768277693187301,Non-Critical
0.9192166979656704,Non-Critical
2.6945427424219335,Critical
3.4462616993091144,Critical
3.0252469584886397,Critical
1.2271097642862128,Moderate
1.7229121802868281,Moderate
1.1863148002091115,Moderate
1.9324789290972306,Moderate
2.005234501494406,Moderate
2.0252222323831233,Moderate
0.8261346122841334,Non-Critical
3.1048706706478892,Critical
0.4659965422985795,Non-Critical
2.700572564583533,Critical
3.491038668727512,Critical
2.6812579268551198,Critical
1.2330973794715259,Moderate
0.743290850158991,Non-Critical
3.125983028667325,Critical
1.9753265895423062,Moderate
1.972810859782364,Moderate
0.8610938079069704,Non-Critical
0.4775855113177883,Non-Critical
2.027056541910902,Moderate
2.6463933489286573,Critical
1.2368418265460026,Moderate
0.8487868832820569,Non-Critical
3.4736041181337844,Critical
3.48182083548466,Critical
1.1889201915000949,Moderate
0.4554235272663982,Non-Critical
0.720122037667176,Non-Critical
1.0208902768058223,Non-Critical
2.6924474061196535,Critical
1.5782899783370559,Moderate
1.2105730076181958,Moderate
1.1649957985177055,Moderate
1.5938958056014305,Moderate
2.006910256467664,Moderate
2.0751014625921567,Moderate
0.8911021222127157,Non-Critical
2.0388536479495447,Moderate
0.9275172550702444,Non-Critical
1.575644321959241,Moderate
0.6482639504657627,Non-Critical
1.6454196648633652,Moderate
1.2246148455969017,Moderate
2.048258524636433,Moderate
1.1795550454895605,Moderate
3.5749187220148366,Critical
0.9463427956788271,Non-Critical
1.1950963215733745,Moderate
0.5154501178042851,Non-Critical
0.9316188096282899,Non-Critical
0.6778763528574994,Non-Critical
2.7051015648620287,Critical
0.8910417003393294,Non-Critical
3.0970358676987035,Critical
3.118029583882842,Critical
1.6554984821552852,Moderate
0.5212124068727595,Non-Critical
1.5753389077247046,Moderate
0.46862113793944854,Non-Critical
0.7200874459659873,Non-Critical
3.552961186944816,Critical
3.4938095352835172,Critical
1.1654115128498843,Moderate
1.6483862693389737,Moderate
3.512451806115347,Critical
0.8392100850745563,Non-Critical
0.5483775207995568,Non-Critical
2.0,Moderate
3.1447592490985845,Critical
0.49143836279538367,Non-Critical
3.1318453141686105,Critical
1.9367729004026042,Moderate
3.112795342505211,Critical
0.6655327373891329,Non-Critical
2.020818407406948,Moderate
1.9549482985372524,Moderate
0.6016168512355169,Non-Critical
2.677642117133503,Critical
3.5375060906068474,Critical
3.0573120388706294,Critical
2.7124393654900545,Critical
0.91181621410141,Non-Critical
0.8282888896271199,Non-Critical
3.0418960243632855,Critical
2.015279009595124,Moderate
2.7025571029276083,Critical
2.0384947990637383,Moderate
1.9600923321122583,Moderate
3.430465728501237,Critical
0.49626187182933457,Non-Critical
0.519851580114699,Non-Critical
0.49722619918718325,Non-Critical
1.6353266256448915,Moderate
2.0623605710571224,Moderate
0.6657196503820868,Non-Critical
2.599922712778066,Critical
3.5388883694542463,Critical
3.067781643989349,Critical
1.5830197487196715,Moderate
0.978017546493723,Non-Critical
0.9040303887810262,Non-Critical
0.5299792259895189,Non-Critical
0.7223230510622594,Non-Critical
0.4141875661257724,Non-Critical
3.114875553559278,Critical
2.0051128329823706,Moderate
0.5111066121274725,Non-Critical
3.4899447672740584,Critical
1.237743094623702,Moderate
0.5030507427707103,Non-Critical
3.170059313751695,Critical
0.4656531189167077,Non-Critical
3.1278037636911575,Critical
0.44898683539407896,Non-Critical
1.1677772117558642,Moderate
3.071427539040163,Critical
3.507492120699364,Critical
0.7009663711833695,Non-Critical
0.5171323599597402,Non-Critical
1.207281515717194,Moderate
3.478047304494753,Critical
1.9170056059290155,Moderate
1.006083749253297,Non-Critical
3.1371014451489745,Critical
3.490875007867487,Critical
2.6300945170100576,Critical
3.1154810040954586,Critical
1.2005401042428008,Moderate
3.497778191614782,Critical
0.6907943533941417,Non-Critical
1.6785667908041184,Moderate
0.4261428517443786,Non-Critical
0.6404758122655821,Non-Critical
1.5921789260428352,Moderate
0.9773544743065805,Non-Critical
3.4966009872007797,Critical
2.757875387901057,Critical
1.6230109319717532,Moderate
1.2049000957049691,Moderate
0.43643754200437984,Non-Critical
0.5900495300344368,Non-Critical
2.651202059194255,Critical
3.064394897906053,Critical
1.551530071113069,Moderate
0.7295553257215278,Non-Critical
1.0903728254596294,Moderate
0.6889671963379358,Non-Critical
0.49752048460590304,Non-Critical
2.5935401055399994,Critical
2.060463228421269,Moderate
0.8607161485866248,Non-Critical
2.027546219044677,Moderate
1.2774945283064563,Moderate
1.111181618057689,Moderate
0.7187865148806178,Non-Critical
0.9850396379214159,Non-Critical
1.2315637365060788,Moderate
1.0906779010624716,Moderate
0.8498341304819158,Non-Critical
0.9050653527576632,Non-Critical
3.045133116272648,Critical
0.8449717333484924,Non-Critical
0.4900584198510564,Non-Critical
2.701167765805728,Critical
3.0297865450954626,Critical
3.1117724184154967,Critical
2.019352936469787,Moderate
3.0971608402803654,Critical
1.9121761639626842,Moderate
1.1554989625118197,Moderate
1.171165075553625,Moderate
1.5855857270936342,Moderate
1.598628332290814,Moderate
1.1333262840632898,Moderate
0.45945555280957057,Non-Critical
3.513943214232362,Critical
2.6703389907564823,Critical
1.5132694251531402,Moderate
1.6006677795771838,Moderate
3.068889627735264,Critical
3.547382480492415,Critical
2.634867394158277,Critical
2.679580568637264,Critical
3.1101387524126185,Critical
2.7333286334304767,Critical
2.0468284677928392,Moderate
1.5910029956058347,Moderate
3.0999303674278327,Critical
0.8213070534732058,Non-Critical
0.7258495236080571,Non-Critical
0.5007442937603798,Non-Critical
1.9568599990213364,Moderate
1.9683957088595545,Moderate
1.6316710770513676,Moderate
3.5293629583401396,Critical
2.67941808388919,Critical
1.241358639981061,Moderate
0.7922058206697135,Non-Critical
1.962239029029149,Moderate
3.494690903468871,Critical
0.6915206813751354,Non-Critical
3.511277991975509,Critical
1.9746299711799788,Moderate
3.013339544839551,Critical
3.4941559906795736,Critical
0.4972273312596043,Non-Critical
2.6889516341106825,Critical
0.7032991650959123,Non-Critical
0.5690639507779462,Non-Critical
0.527938551736888,Non-Critical
3.1082195351488653,Critical
0.7028071670122084,Non-Critical
1.5494565541071843,Moderate
1.9731451505216944,Moderate
3.130704958855631,Critical
0.9181631539623766,Non-Critical
1.1732456423311644,Moderate
3.1,Critical
0.9885754641243374,Non-Critical
2.7515097701576368,Critical
1.1893023428069593,Moderate
3.4108194435142907,Critical
3.125814878605073,Critical
0.5068436660344693,Non-Critical
0.8587688714397694,Non-Critical
1.5765787151050272,Moderate
2.0452629700746976,Moderate
1.5982087626667023,Moderate
3.56062594184158,Critical
0.5148016538521308,Non-Critical
2.009919058031322,Moderate
3.5118474305772973,Critical
0.4840663454711598,Non-Critical
3.0759379438067294,Critical
1.9658454099207412,Moderate
0.9080762326076923,Non-Critical
0.5202272596543078,Non-Critical
2.022699781572348,Moderate
3.640460543061475,Critical
0.9774362779231431,Non-Critical
2.684190114770941,Critical
3.4671972531679516,Critical
2.0664078310447898,Moderate
2.038626990379138,Moderate
0.9328409263360069,Non-Critical
0.4917174762157989,Non-Critical
0.8883937154752322,Non-Critical
1.0119415833207213,Non-Critical
2.6711676353883154,Critical
0.533126306489064,Non-Critical
3.4479706973743784,Critical
0.9676296954878273,Non-Critical
3.1560420325701584,Critical
2.6662893769137748,Critical
1.2566784351437812,Moderate
0.5035497357712474,Non-Critical
1.1624637690867443,Moderate
1.225432977150905,Moderate
2.654356100664059,Critical
2.7556482945830134,Critical
3.5065742908402724,Critical
3.2210207506123703,Critical
2.703785664397842,Critical
1.919590709439423,Moderate
3.1223161073771535,Critical
2.126595233887109,Moderate
1.2258351409324233,Moderate
2.760709491446425,Critical
1.1586207879632668,Moderate
1.7246963502863997,Moderate
3.0947387932874566,Critical
1.2717989062400887,Moderate
2.010810233816134,Moderate
1.91678218033349,Moderate
2.9957798922505763,Critical
0.7772224739059336,Non-Critical
3.053855677905237,Critical
2.6190064002804117,Critical
0.896916734039673,Non-Critical
1.1768722141837709,Moderate
2.0848293341485427,Moderate
1.4921995996970312,Moderate
3.580546849750595,Critical
0.8890169164030721,Non-Critical
0.519824340870546,Non-Critical
1.9754229586921417,Moderate
0.5484122796185646,Non-Critical
3.1045760089086607,Critical
0.492898019588353,Non-Critical
0.663212400487484,Non-Critical
0.7278787921412407,Non-Critical
2.700189812581073,Critical
1.509976065413291,Moderate
0.5196862499657199,Non-Critical
3.5017788238492313,Critical
1.6250542716311234,Moderate
0.5912439508903558,Non-Critical
1.97321425636153,Moderate
0.725955149897841,Non-Critical
3.50495174105036,Critical
3.4787613136103452,Critical
2.030422586821484,Moderate
0.4893072199503043,Non-Critical
3.494119457228744,Critical
1.6975471741343346,Moderate
3.1136322631716067,Critical
2.0203864184809017,Moderate
3.1622473689323223,Critical
2.7219495514694447,Critical
1.1007928388435502,Moderate
1.581194790472021,Moderate
3.042126768388329,Critical
3.1182681871031885,Critical
1.5279324600132973,Moderate
1.5788719508600628,Moderate
1.6423979371731852,Moderate
0.5180906472302491,Non-Critical
0.93637668468129,Non-Critical
3.101401109351294,Critical
0.6252943832140611,Non-Critical
0.5802741691396982,Non-Critical
1.1918117947938898,Moderate
0.45855624185998645,Non-Critical
0.7437171214223193,Non-Critical
3.536779154621419,Critical
0.8973421755965121,Non-Critical
0.6642934453899974,Non-Critical
2.7239437769260233,Critical
3.43791222355608,Critical
0.5281428960091196,Non-Critical
0.5501738145438833,Non-Critical
0.7005123342008449,Non-Critical
3.5331040767290878,Critical
2.7681321319901673,Critical
3.114820900040433,Critical
0.48771396131689004,Non-Critical
2.7034959790497415,Critical
2.703019296421221,Critical
3.4872695915116987,Critical
1.9824237632428354,Moderate
0.5363436431848212,Non-Critical
0.7223070502123837,Non-Critical
0.9694780129290032,Non-Critical
0.44312030023186555,Non-Critical
0.42025623679922,Non-Critical
0.6567150909559116,Non-Critical
2.731873545132556,Critical
0.6617252349478875,Non-Critical
3.4448129651109,Critical
1.624896146713469,Moderate
2.656649737183829,Critical
1.6365746203970468,Moderate
2.6257472260436283,Critical
0.6835473163975891,Non-Critical
1.6286681235086473,Moderate
1.6305422458205427,Moderate
1.148170901256517,Moderate
1.5912515981642912,Moderate
1.196510060711893,Moderate
3.5033993313025547,Critical
3.516829156330272,Critical
3.156400942867465,Critical
2.7730589433360167,Critical
3.1568024341777714,Critical
0.876779409038441,Non-Critical
0.48212349457227327,Non-Critical
0.7898653679432318,Non-Critical
1.2384928446527677,Moderate
1.6661252165761562,Moderate
0.8872088432878709,Non-Critical
3.1408387933600395,Critical
0.5321158573250248,Non-Critical
2.0483999402276933,Moderate
0.46606059130789107,Non-Critical
0.4528420037815305,Non-Critical
0.630116805952741,Non-Critical
0.4625625188009541,Non-Critical
0.9410968600554338,Non-Critical
1.1719775265598462,Moderate
0.9598313934493505,Non-Critical
0.857573751232368,Non-Critical
0.7487328845350101,Non-Critical
3.142734286506778,Critical
0.9088524673754956,Non-Critical
1.1534463256028948,Moderate
2.624262261210323,Critical
1.155626808762892,Moderate
3.519526529815976,Critical
3.055343468920757,Critical
1.5476356426808096,Moderate
2.762097999840691,Critical
0.9294367811440574,Non-Critical
3.1198495652249423,Critical
3.1681931114906954,Critical
1.562768832178072,Moderate
0.5,Non-Critical
0.8502613440485678,Non-Critical
0.8818694524781542,Non-Critical
1.2471296810449897,Moderate
2.749774514147266,Critical
0.8860873115771414,Non-Critical
1.1069403157747222,Moderate
0.6677201698771164,Non-Critical
1.256133912728187,Moderate
3.021826102606566,Critical
0.6985529133842617,Non-Critical
1.9619004238086504,Moderate
3.0775717895985824,Critical
1.1901750789800947,Moderate
3.4734511747722143,Critical
1.2394453941691619,Moderate
0.9704224422123178,Non-Critical
1.161438491688268,Moderate
3.0721904020575437,Critical
3.4618838270986174,Critical
3.5335039621101094,Critical
3.0917531112301893,Critical
3.4953350675173254,Critical
1.997722093662273,Moderate
3.0295090285526096,Critical
2.724258055627287,Critical
2.7350361578429796,Critical
1.1405559923201196,Moderate
0.7846157578058905,Non-Critical
1.1527788560798453,Moderate
0.3693902100840333,Non-Critical
2.135199255363969,Moderate
1.6079224025249867,Moderate
2.0277165002316195,Moderate
1.2238301483661989,Moderate
3.163722360847062,Critical
0.5732830084172674,Non-Critical
2.757390633036678,Critical
1.9652978338071179,Moderate
0.5780593266588241,Non-Critical
1.6312092136234768,Moderate
3.204799937511272,Critical
1.1500427554334494,Moderate
0.8884276601155605,Non-Critical
0.7168124123176185,Non-Critical
2.7898780583322322,Critical
1.6678381578731982,Moderate
0.695293946771609,Non-Critical
3.117230245237518,Critical
0.5468761460874879,Non-Critical
0.500259322432951,Non-Critical
3.1029137165467726,Critical
1.1853298454468013,Moderate
1.2446899372967728,Moderate
1.5649116526866609,Moderate
0.876453929467757,Non-Critical
1.2238805364878385,Moderate
1.9311978334213427,Moderate
3.317579358739261,Critical
3.4442691518466035,Critical
3.02203083823472,Critical
3.072872108994409,Critical
1.5991581638133288,Moderate
1.6861179970997826,Moderate
3.4501074008377985,Critical
3.477873214405391,Critical
1.5643090251390646,Moderate
1.5943323001080096,Moderate
1.904511854712686,Moderate
3.5183265703618614,Critical
0.5255353974606757,Non-Critical
0.607172341238849,Non-Critical
1.6888591420128862,Moderate
1.5189037436584896,Moderate
0.5229950133153886,Non-Critical
2.7307135219178535,Critical
3.5447106664256705,Critical
0.9764280407146932,Non-Critical
3.4819114761277916,Critical
0.44863847016561703,Non-Critical
0.7199762378022567,Non-Critical
3.134287451763733,Critical
1.1567030058083856,Moderate
1.2337803316582239,Moderate
1.2003603530188185,Moderate
0.900919710778566,Non-Critical
3.5952530107032237,Critical
1.1343416140900031,Moderate
2.6601544505351655,Critical
3.4707562932533498,Critical
2.700149664559998,Critical
3.482882953066806,Critical
3.519251896882805,Critical
3.0795833418586667,Critical
0.47790721088535654,Non-Critical
1.6138479337609684,Moderate
2.7158023935322144,Critical
0.49856608561626004,Non-Critical
1.5779044991460156,Moderate
1.6421587155011335,Moderate
1.2035056579366608,Moderate
3.179413805357463,Critical
3.0956949674089476,Critical
3.0814141651707154,Critical
1.212832936535613,Moderate
3.069301159930355,Critical
0.7159145601326556,Non-Critical
2.049796934241113,Moderate
3.5458155720537285,Critical
0.6477791755845783,Non-Critical
2.65181807778156,Critical
2.6804768025268597,Critical
3.1349283172685753,Critical
0.9148191510058378,Non-Critical
2.743298431920858,Critical
2.6739705793572295,Critical
3.1485569503411455,Critical
1.566841312468162,Moderate
0.6623981873173853,Non-Critical
3.52240496819681,Critical
3.0874448705981545,Critical
1.9624999131875744,Moderate
3.512760670842794,Critical
1.619536251304445,Moderate
1.6026876281495253,Moderate
2.0582472222594066,Moderate
0.7531754464225763,Non-Critical
2.7274369409432064,Critical
1.114275705225194,Moderate
3.451732440259562,Critical
0.4733373908658652,Non-Critical
1.6302496687839438,Moderate
3.526225368764304,Critical
3.4374842230538425,Critical
2.720873597937101,Critical
0.7537861483747096,Non-Critical
0.6518684762457024,Non-Critical
1.2165770847566846,Moderate
3.5422741554240926,Critical
0.6980544982606891,Non-Critical
0.6495424829316578,Non-Critical
0.7030805173094737,Non-Critical
3.0780006147735146,Critical
0.9784103223531917,Non-Critical
3.441169264028535,Critical
0.6229822812075794,Non-Critical
0.6675198145202584,Non-Critical
3.0377764106199465,Critical
2.728777325499995,Critical
0.9079548121094503,Non-Critical
3.1015542793885578,Critical
2.0286121210093637,Moderate
3.5739637255337113,Critical
0.7180800260921791,Non-Critical
0.6246369433319259,Non-Critical
3.184090830965041,Critical
3.4917674486228023,Critical
0.9250406566773056,Non-Critical
3.475798493421366,Critical
1.1880781824509847,Moderate
3.047747814520685,Critical
1.2054351076406704,Moderate
2.786982402096551,Critical
2.7167920628466513,Critical
1.261468785882505,Moderate
0.9997214247340537,Non-Critical
2.822256507252946,Critical
3.0536733444421427,Critical
3.5092028915635782,Critical
0.8364072407749558,Non-Critical
0.4744561455835426,Non-Critical
0.6719836383585116,Non-Critical
0.8636537520534922,Non-Critical
1.5800225529205787,Moderate
1.2154706419879961,Moderate
1.1438521475446435,Moderate
1.237472850770328,Moderate
1.26037125141556,Moderate
3.5657403935752954,Critical
0.8794829634274194,Non-Critical
0.8968064707437754,Non-Critical
0.5014519785752646,Non-Critical
2.7733590625354525,Critical
0.4486800772942403,Non-Critical
0.618550121746985,Non-Critical
0.8464546502077741,Non-Critical
2.1136495912989695,Moderate
3.473327382641764,Critical
0.877606679411177,Non-Critical
1.2075040565172512,Moderate
0.447607989056509,Non-Critical
0.9361137073589001,Non-Critical
0.5243941671009783,Non-Critical
0.8326969336077507,Non-Critical
3.4721114327005287,Critical
1.595652001219699,Moderate
2.741551592883399,Critical
2.717232261311803,Critical
2.730985098274124,Critical
0.6131289035468944,Non-Critical
3.541790394815717,Critical
1.5786217817703938,Moderate
3.0882085318912575,Critical
0.8673601853077103,Non-Critical
0.8960632103880312,Non-Critical
0.6027272547310388,Non-Critical
1.1833915735080498,Moderate
0.9578170648449512,Non-Critical
0.4393640600478705,Non-Critical
1.5783186257422908,Moderate
0.5545235995569283,Non-Critical
3.2140816438638034,Critical
2.708869805731847,Critical
0.47672066102057,Non-Critical
0.7703879402627098,Non-Critical
0.8079481916353577,Non-Critical
1.5817141607176897,Moderate
3.463769447424114,Critical
0.8211223950541747,Non-Critical
2.8121460156201494,Critical
1.961639146573468,Moderate
1.5913564458778282,Moderate
3.0873559276841087,Critical
2.02943200758687,Moderate
2.6407935834050864,Critical
0.4536960979824754,Non-Critical
0.4462290121690591,Non-Critical
2.720197701036781,Critical
2.7479795262875037,Critical
1.630722006144624,Moderate
0.7015567426472489,Non-Critical
0.7449999832214866,Non-Critical
0.900215382117158,Non-Critical
1.9640259227010726,Moderate
3.4565476376067608,Critical
0.6847761096126737,Non-Critical
3.1000669923377244,Critical
0.928866637089234,Non-Critical
0.4057119194714436,Non-Critical
0.47289596014027496,Non-Critical
2.0033777742040413,Moderate
1.5972157473675004,Moderate
2.004729626647885,Moderate
3.5312542600624077,Critical
3.0603737084771043,Critical
2.7808437199249307,Critical
3.0360079521179992,Critical
2.9992948702567355,Critical
0.5653499776702008,Non-Critical
1.237643608357444,Moderate
1.168974068967567,Moderate
2.0087850228082424,Moderate
0.5379692604415371,Non-Critical
0.902315498239707,Non-Critical
3.1182737236321416,Critical
1.595608216069815,Moderate
1.4569240814949664,Moderate
2.684869012026478,Critical
2.0409671548529875,Moderate
0.8580990409787158,Non-Critical
1.9768099779324282,Moderate
0.8475704177586204,Non-Critical
3.4606717112447916,Critical
1.951419061349352,Moderate
0.9098197302505094,Non-Critical
0.7234848359742676,Non-Critical
1.6179478220325736,Moderate
2.037488277682906,Moderate
2.0511203612680236,Moderate
1.1303163757816914,Moderate
1.1484398965780207,Moderate
3.100572271954573,Critical
2.69932921065376,Critical
1.4699055842474156,Moderate
0.8736573402006411,Non-Critical
3.538341143589212,Critical
0.5378888380468093,Non-Critical
3.4799003709935397,Critical
0.7430308761168481,Non-Critical
3.1651782533904043,Critical
3.1232540104750153,Critical
1.5669849941989007,Moderate
0.8835304231293654,Non-Critical
0.423884288469597,Non-Critical
3.474981946130155,Critical
1.1711575763425843,Moderate
1.959543700752948,Moderate
3.541221353119249,Critical
1.9498812127116891,Moderate
2.653550541643471,Critical
1.2165997746728467,Moderate
0.7004776143128423,Non-Critical
0.8802178222936999,Non-Critical
1.6014163372541472,Moderate
2.0125927207647503,Moderate
3.4361491777514885,Critical
1.6571294611395058,Moderate
0.917488590885753,Non-Critical
0.6293679488699389,Non-Critical
3.4711230556322175,Critical
0.728420476228741,Non-Critical
0.5398929600139635,Non-Critical
3.1054742679723546,Critical
3.049573197902845,Critical
0.6114397580804068,Non-Critical
2.039517029089235,Moderate
0.8426048562404995,Non-Critical
2.001552360024428,Moderate
1.966946545209643,Moderate
1.5954903793311306,Moderate
1.2138644765605422,Moderate
1.9518112406382806,Moderate
1.1129748505486092,Moderate
0.6117691973807865,Non-Critical
3.4045934793387365,Critical
0.43341776199712584,Non-Critical
1.20054914462912,Moderate
0.553965782821606,Non-Critical
0.5198617026489496,Non-Critical
3.0418785609930037,Critical
3.5524586810720673,Critical
0.9225543641851911,Non-Critical
2.0159547417011785,Moderate
1.2771746428007276,Moderate
3.4945132909184906,Critical
1.5019577200765235,Moderate
0.5491458103230881,Non-Critical
3.5980242300391514,Critical
0.7315400082073009,Non-Critical
0.6769178898539527,Non-Critical
0.44796995725792477,Non-Critical
3.1600153129129662,Critical
2.7136602011426065,Critical
0.7046088553763417,Non-Critical
0.6145800053523326,Non-Critical
3.089854300760223,Critical
3.5212482948718073,Critical
3.473933854068136,Critical
3.5217442135731822,Critical
0.9271257721767775,Non-Critical
2.0277956015649723,Moderate
3.4596700547846315,Critical
1.2004586624091065,Moderate
3.0898958377305297,Critical
3.413826829629729,Critical
2.0524749302931657,Moderate
3.481015673742872,Critical
0.4553121830852764,Non-Critical
0.6796134614197783,Non-Critical
0.49269429842027274,Non-Critical
2.027653839351262,Moderate
0.84816885504177,Non-Critical
1.6192384272102498,Moderate
2.7090657108930714,Critical
0.8886289684622172,Non-Critical
1.644927764007131,Moderate
2.585963107731404,Critical
1.5195596645365015,Moderate
2.0465188928811444,Moderate
2.7328944005216593,Critical
2.0302395791275285,Moderate
1.6700440930156484,Moderate
1.6356498712672551,Moderate
0.613334947767596,Non-Critical
2.040938197517372,Moderate
0.8468976870576723,Non-Critical
1.5741851201569246,Moderate
0.9455614002595324,Non-Critical
2.6841280722581162,Critical
1.2608862593725567,Moderate
3.4797365367275335,Critical
0.5206923692906119,Non-Critical
1.505247707502606,Moderate
2.7234276389253105,Critical
0.8422647197453819,Non-Critical
2.021114450956268,Moderate
1.1902510056940105,Moderate
2.119633836150912,Moderate
2.739788900487212,Critical
3.4549551502347713,Critical
1.1806106022225353,Moderate
0.6772441332980665,Non-Critical
3.415676592438295,Critical
1.5957740059244263,Moderate
3.200175470520067,Critical
3.518964001718258,Critical
3.490791212674239,Critical
1.6455619022284473,Moderate
3.5213898199123568,Critical
0.7080831193189776,Non-Critical
0.6337808895961555,Non-Critical
2.701605383698547,Critical
2.0139620776966782,Moderate
0.9356730231222244,Non-Critical
1.2787541413804364,Moderate
1.8836450101527344,Moderate
1.9238900362404285,Moderate
2.621603479178475,Critical
0.5142561920671136,Non-Critical
2.011721555824105,Moderate
3.1045371281876086,Critical
3.4252797190090347,Critical
1.2760850226368479,Moderate
2.74605753731974,Critical
0.4957196351129426,Non-Critical
1.2162044611160023,Moderate
1.53916981423553,Moderate
3.462509333085774,Critical
3.073061434119113,Critical
2.556647252310863,Critical
3.5956477403865876,Critical
2.0593071251059416,Moderate
3.559126537087633,Critical
1.1370293466646932,Moderate
2.0041359100931593,Moderate
1.58692190494668,Moderate
1.2031349151618356,Moderate
1.6310800656560487,Moderate
2.034553128293344,Moderate
2.7144679578478557,Critical
3.0443305979039077,Critical
2.658197144257711,Critical
2.7231684903016347,Critical
3.4674718189797202,Critical
3.4858602125426215,Critical
3.2026342490972945,Critical
2.754998982517104,Critical
3.1814468473811996,Critical
3.087746967440465,Critical
1.1954229990290897,Moderate
3.52742139604149,Critical
0.8600171288851178,Non-Critical
0.9178356319517976,Non-Critical
3.4633857309298963,Critical
1.204233064036638,Moderate
3.083133741896575,Critical
0.7141043945417439,Non-Critical
3.1892584201036067,Critical
0.5584873090492758,Non-Critical
1.1490119907309269,Moderate
1.598319828002193,Moderate
1.1689589307159705,Moderate
3.4573920597017205,Critical
1.257012664047214,Moderate
0.6816202266919906,Non-Critical
0.4321700074530443,Non-Critical
1.5591220800835017,Moderate
0.48034735312069854,Non-Critical
0.8968122867504676,Non-Critical
0.9018939997244799,Non-Critical
0.5161859447789533,Non-Critical
1.3138715224278048,Moderate
3.4878051944911332,Critical
0.6387848294978868,Non-Critical
3.095077699884606,Critical
2.739127941285758,Critical
2.045607619798839,Moderate
1.214729642127919,Moderate
1.6070828348695514,Moderate
0.46855273225336125,Non-Critical
3.1269017219964126,Critical
0.8678087993013749,Non-Critical
3.034158489447088,Critical
3.0975220581224208,Critical
2.7299173523537443,Critical
1.9956046756315393,Moderate
0.45000076095948016,Non-Critical
3.100425281336158,Critical
0.7187554081877094,Non-Critical
0.4868204924920878,Non-Critical
0.43047437831847024,Non-Critical
0.6511890726311196,Non-Critical
1.2393741352192762,Moderate
0.6328050544154333,Non-Critical
1.56985108437165,Moderate
3.088386533503788,Critical
1.5504446842206325,Moderate
0.9372166794374839,Non-Critical
0.6576948931911334,Non-Critical
3.5001554275092817,Critical
0.9617999241381697,Non-Critical
1.5338902016956277,Moderate
3.0386000059588754,Critical
1.999887487774792,Moderate
0.4936373345507356,Non-Critical
1.9922433434409703,Moderate
1.2332146151027816,Moderate
3.108598016621853,Critical
0.8906620932597824,Non-Critical
1.5095191515541386,Moderate
3.0904328006652473,Critical
3.5039494358170007,Critical
0.7150556583550346,Non-Critical
2.013840986466541,Moderate
2.0198204251103533,Moderate
2.085338382020949,Moderate
1.9558400184422438,Moderate
2.7742459393366925,Critical
0.4609104885133336,Non-Critical
3.049935428362173,Critical
0.48692893964134815,Non-Critical
1.2796456044561404,Moderate
3.0999040073411828,Critical
0.8846236117641493,Non-Critical
0.7236004784189036,Non-Critical
3.1613146477824476,Critical
0.6191930518990937,Non-Critical
0.4438411008956019,Non-Critical
0.5419600677576132,Non-Critical
0.7188981313017037,Non-Critical
1.6618941843959365,Moderate
0.5558787098466578,Non-Critical
1.1962615539217636,Moderate
0.4073636069154861,Non-Critical
1.6022108501450092,Moderate
3.075546126594054,Critical
1.1767809803902276,Moderate
2.0650579174326014,Moderate
2.0329398684183095,Moderate
3.533870068434615,Critical
0.5085477676093753,Non-Critical
2.7134456723839304,Critical
1.2338742421045696,Moderate
0.6393815853470137,Non-Critical
1.140877471389678,Moderate
1.2240514332381827,Moderate
2.654208826135178,Critical
3.532662244164061,Critical
1.5310425374325707,Moderate
3.602437782543164,Critical
1.9873968592298321,Moderate
3.482215084221448,Critical
1.59224348552338,Moderate
0.6635513061107294,Non-Critical
1.5453552379450626,Moderate
2.720598579106338,Critical
1.2463871199775602,Moderate
3.5264706703562863,Critical
3.078819669676958,Critical
2.057074038405161,Moderate
1.1011125468816436,Moderate
2.138371794601613,Moderate
1.2130710206364983,Moderate
3.0810096744105055,Critical
1.481135475413501,Moderate
0.9148050294811636,Non-Critical
1.2643295065643616,Moderate
2.053423103362215,Moderate
2.6986008771734893,Critical
1.6615937567144652,Moderate
1.9538260110033348,Moderate
2.6864922435331455,Critical
3.1910649425406556,Critical
3.01572013413076,Critical
1.6240167147940692,Moderate
1.0950396828719378,Moderate
1.2292084536676144,Moderate
3.5412099809897932,Critical
0.8482944430235145,Non-Critical
0.7213740521060419,Non-Critical
3.141187656593809,Critical
1.2330221283274219,Moderate
3.1205585959007984,Critical
2.7122052194489177,Critical
0.7720406299002132,Non-Critical
1.6085312539269898,Moderate
1.0727023201122092,Non-Critical
1.6143445559146303,Moderate
3.543527780470986,Critical
2.767531256047633,Critical
0.43454524738060074,Non-Critical
0.5282470326773407,Non-Critical
3.072021385697526,Critical
0.6653992525383893,Non-Critical
0.8868947888627685,Non-Critical
3.5093986793743053,Critical
0.5540687396968573,Non-Critical
1.6434837878347246,Moderate
0.797957057467624,Non-Critical
0.5352323916110324,Non-Critical
3.4961321910089573,Critical
0.8392248570577152,Non-Critical
2.003930883476589,Moderate
2.7483733136462507,Critical
0.7673661620806779,Non-Critical
3.4893097720954755,Critical
3.101861391821079,Critical
3.5003008340218034,Critical
1.1548746746778353,Moderate
0.9358862804375032,Non-Critical
2.621855782733008,Critical
1.2745062171148285,Moderate
0.7197405635573045,Non-Critical
2.603158097968991,Critical
1.2504334177977419,Moderate
1.1548944430909474,Moderate
1.6490336647163715,Moderate
2.1079329505352415,Moderate
3.542750966214864,Critical
0.6905627893494386,Non-Critical
1.1612957057508975,Moderate
0.46051219599376103,Non-Critical
2.0154399638424083,Moderate
2.648246094297968,Critical
1.6219758072145716,Moderate
1.1089324829037681,Moderate
2.11032626535702,Moderate
3.0916921079025133,Critical
2.0047234995909817,Moderate
3.1117638055794132,Critical
1.6234912461602484,Moderate
0.46332118282494794,Non-Critical
3.5345052212382004,Critical
1.1801543079381103,Moderate
1.973023240903943,Moderate
0.6986522081782396,Non-Critical
2.617245232840741,Critical
2.644023206236474,Critical
0.4327264451033553,Non-Critical
1.6384482935786873,Moderate
0.9275216755467393,Non-Critical
2.701929056149046,Critical
3.0690167032935696,Critical
3.5059173956694103,Critical
3.1144458333584355,Critical
1.1165982700055452,Moderate
3.472522368943496,Critical
2.6544278188431356,Critical
2.111719312309884,Moderate
1.9668877590337703,Moderate
2.0006949104666254,Moderate
0.559530033943396,Non-Critical
1.5652868118875967,Moderate
3.589718502730018,Critical
2.814979454651866,Critical
0.9315902349605965,Non-Critical
0.9635021466963463,Non-Critical
3.4887284275385952,Critical
3.084475801190203,Critical
2.7041990501657227,Critical
0.6172313748006407,Non-Critical
2.575964574500773,Critical
0.42062535881343494,Non-Critical
2.0050468395867576,Moderate
2.040765803608582,Moderate
3.518652615921709,Critical
1.2008064707638002,Moderate
0.9207639845132727,Non-Critical
0.9614662465657707,Non-Critical
0.564967346527677,Non-Critical
1.5605006823066199,Moderate
0.6878235979137569,Non-Critical
0.5838784724937706,Non-Critical
1.5334561373693256,Moderate
1.1892377771711922,Moderate
2.685036764805737,Critical
1.971613892837365,Moderate
3.4901557150648044,Critical
3.1810035154568026,Critical
1.9877835572410236,Moderate
1.6461319861393928,Moderate
1.211714918018845,Moderate
0.8545968783835425,Non-Critical
0.7872412220762979,Non-Critical
1.611583022211826,Moderate
0.48946405104616186,Non-Critical
2.6409999610766373,Critical
2.6920175846288994,Critical
2.7307628383484284,Critical
1.6200154954154837,Moderate
3.087978140146483,Critical
0.47050593342230973,Non-Critical
1.111329273059516,Moderate
2.076465673948365,Moderate
0.4866801462403746,Non-Critical
3.458664747654155,Critical
3.133133298519274,Critical
3.093865768125244,Critical
1.5789745828281556,Moderate
1.256154731522077,Moderate
2.045971183832349,Moderate
2.782369699880167,Critical
2.811463680527799,Critical
0.9204967792490284,Non-Critical
0.9617891446497071,Non-Critical
1.6417688496951117,Moderate
0.5044754499881907,Non-Critical
2.0540428102475436,Moderate
2.665324691771386,Critical
0.49155354218376307,Non-Critical
2.049717523406216,Moderate
0.6394045140009361,Non-Critical
1.1542387139423338,Moderate
2.7425642787422397,Critical
0.5957717345786431,Non-Critical
1.7092931883208813,Moderate
2.64988280096546,Critical
1.1859965686559562,Moderate
0.4963793830584728,Non-Critical
0.7245303451227944,Non-Critical
2.0739731071926095,Moderate
0.9050071456230039,Non-Critical
1.9723987635494211,Moderate
0.8252169874562316,Non-Critical
3.122616697532157,Critical
3.033680194834073,Critical
0.6981419607533058,Non-Critical
0.9266626010606882,Non-Critical
1.6498277442249203,Moderate
0.4814693473230069,Non-Critical
3.005960078601297,Critical
0.4338856802049908,Non-Critical
0.48395100798081386,Non-Critical
0.5484370265961779,Non-Critical
0.7132764324558235,Non-Critical
0.5008768450836529,Non-Critical
1.657010473946837,Moderate
0.9156356289637401,Non-Critical
3.1542643502222956,Critical
1.2080959683642534,Moderate
3.173600728324507,Critical
2.0863066187334756,Moderate
3.4807877043559716,Critical
3.1900870973873574,Critical
0.7125148836332419,Non-Critical
0.9036828297496098,Non-Critical
3.1006026590300912,Critical
0.6950394132386974,Non-Critical
2.706058897464973,Critical
3.0918600501683695,Critical
1.1870395370342457,Moderate
3.4871672941800123,Critical
0.7918447584914506,Non-Critical
0.9332916548903358,Non-Critical
3.125494912423827,Critical
1.5908351221786372,Moderate
0.47832865076092457,Non-Critical
2.059816974268512,Moderate
1.5508449036170864,Moderate
0.49530006128856074,Non-Critical
1.310532043869662,Moderate
2.665707366191168,Critical
2.650014388566531,Critical
0.8403759036608761,Non-Critical
3.171765007832272,Critical
3.13569100682412,Critical
3.45056864252827,Critical
3.0794830013327448,Critical
0.49699538761224343,Non-Critical
2.1406324624119364,Moderate
0.7426616331434538,Non-Critical
1.215112910924273,Moderate
1.5591603410364874,Moderate
3.1202427543817857,Critical
1.5822651348520163,Moderate
1.549084223381937,Moderate
0.5295160286493195,Non-Critical
1.9041701266240894,Moderate
1.2291554067828871,Moderate
0.7305371077898096,Non-Critical
2.766431553342472,Critical
0.7109701334876952,Non-Critical
3.4392054537947936,Critical
0.7017088857862287,Non-Critical
0.7004422653348472,Non-Critical
2.740228515079242,Critical
1.2710813489041104,Moderate
0.5501602934808876,Non-Critical
3.1218756124309937,Critical
0.9359546523044169,Non-Critical
0.7491619984722702,Non-Critical
3.5350831824044784,Critical
0.5150307403382268,Non-Critical
2.728309387928742,Critical
0.8847844915255104,Non-Critical
0.9549591996892656,Non-Critical
3.0359465396577083,Critical
3.1465419113175264,Critical
3.515572641715172,Critical
0.6974762963609289,Non-Critical
1.5401205855482922,Moderate
3.172752278813536,Critical
3.2191301141342037,Critical
2.714561570842369,Critical
1.6105693237524135,Moderate
2.6905038079488874,Critical
1.9733102030170395,Moderate
0.7452459259346942,Non-Critical
1.2409552084456068,Moderate
1.5176251850476281,Moderate
3.4246337176113477,Critical
3.3802869847549766,Critical
1.596339083800809,Moderate
0.7516904720699488,Non-Critical
3.4956452914473743,Critical
3.5129114411661346,Critical
0.7351512729522706,Non-Critical
3.092950605127779,Critical
1.60279696750662,Moderate
1.1855062192262564,Moderate
0.8404828255915815,Non-Critical
1.1462213856928491,Moderate
1.6057466955790507,Moderate
0.8392171815764019,Non-Critical
0.5653957811889919,Non-Critical
1.2149459076292075,Moderate
0.5025825857223658,Non-Critical
3.4907021661406974,Critical
0.887506387045722,Non-Critical
0.8471826768248272,Non-Critical
3.0897965707780575,Critical
0.5223857515047534,Non-Critical
3.018226837577107,Critical
1.8984190215668486,Moderate
1.5043110132585538,Moderate
1.224663389691955,Moderate
1.1844180283025139,Moderate
0.9297476229088402,Non-Critical
2.022490766327827,Moderate
2.006308259821549,Moderate
1.2550185340348612,Moderate
0.530550097991263,Non-Critical
2.7918693337743763,Critical
0.691985352858849,Non-Critical
2.6988383144574817,Critical
0.9,Non-Critical
1.9833778732830114,Moderate
2.670967429862721,Critical
2.0584635054535085,Moderate
3.440232051285095,Critical
2.6792763467082072,Critical
1.1296749686493883,Moderate
3.497079437807066,Critical
0.49750473044566434,Non-Critical
2.0510611144609565,Moderate
2.705096294368633,Critical
1.6594392057176939,Moderate
1.6699568190848044,Moderate
1.5892862528722769,Moderate
0.5117644854584935,Non-Critical
0.8943479814564308,Non-Critical
3.087301866097611,Critical
2.000563884830933,Moderate
2.6851338318651186,Critical
3.125659990553859,Critical
3.559520678164687,Critical
1.558864898846045,Moderate
2.0696035460487128,Moderate
1.1817811353553378,Moderate
0.5241193118666226,Non-Critical
0.8580571945243741,Non-Critical
0.6404059344529062,Non-Critical
0.8166621033504882,Non-Critical
1.555125351457267,Moderate
1.1648622520089398,Moderate
0.7408855803131456,Non-Critical
0.9366454278718768,Non-Critical
1.6382977726363117,Moderate
0.9264413746692307,Non-Critical
2.068617117143326,Moderate
3.479652812561372,Critical
3.566789216816012,Critical
1.9971779451556446,Moderate
3.4569579160738213,Critical
2.0946524442711274,Moderate
0.9290599405997126,Non-Critical
3.064306258798176,Critical
0.6685796110651567,Non-Critical
1.1916062965286844,Moderate
1.55090450770246,Moderate
1.5363523785630135,Moderate
0.6227350027235621,Non-Critical
0.6373347368827418,Non-Critical
2.0497817403058916,Moderate
0.6633996033547143,Non-Critical
0.7444706728262263,Non-Critical
3.520689615859511,Critical
0.7638235441390464,Non-Critical
0.900013505204409,Non-Critical
1.6821330146718119,Moderate
3.0550152606756122,Critical
1.8878586189194784,Moderate
2.8274663976303502,Critical
3.4020704279801484,Critical
0.5176001476968816,Non-Critical
2.611251897017894,Critical
2.6976706364830334,Critical
1.6211233712118613,Moderate
0.7227649219208288,Non-Critical
1.2229279568106084,Moderate
3.463730423899601,Critical
3.079057562803748,Critical
1.6739795186825468,Moderate
0.915626995699129,Non-Critical
2.0151733450408336,Moderate
0.6538417437985903,Non-Critical
0.8609404486926497,Non-Critical
2.7679610300147806,Critical
0.9178378145154179,Non-Critical
0.4780268243326555,Non-Critical
0.6011054475426738,Non-Critical
3.5685270494307066,Critical
3.1683953725360485,Critical
0.5298472948654441,Non-Critical
0.5505830206853324,Non-Critical
1.5803181264351478,Moderate
3.0234642371371647,Critical
2.7165520077498098,Critical
0.5313746948335922,Non-Critical
1.2589477289295823,Moderate
2.0820177046949158,Moderate
2.6192170830339663,Critical
1.9769486859709582,Moderate
0.7972381118825245,Non-Critical
0.861261400221082,Non-Critical
3.3795039017100064,Critical
0.6531839362477353,Non-Critical
1.6972298896130116,Moderate
2.6212190336414696,Critical
0.7093026421826094,Non-Critical
3.4425398001405854,Critical
2.7111539871312638,Critical
2.0178682486077837,Moderate
3.0552896324010264,Critical
1.95292311988851,Moderate
1.2301503426713338,Moderate
2.0921075329284133,Moderate
1.1461219335566337,Moderate
2.717010498843417,Critical
1.2274491437038455,Moderate
1.8813902235968243,Moderate
1.6099289310340759,Moderate
0.7228006091054564,Non-Critical
3.4291578953701563,Critical
3.1261975477096335,Critical
2.675417219251726,Critical
0.8933827163321257,Non-Critical
1.9952992412957422,Moderate
2.000585820885968,Moderate
3.0602700272437473,Critical
2.7566117286089624,Critical
1.9964993570593599,Moderate
3.461723236128514,Critical
3.4291157914920216,Critical
1.1757505137869138,Moderate
1.6058490117011945,Moderate
0.6308630914850686,Non-Critical
2.0130377192070585,Moderate
3.116714756424886,Critical
3.541456053553303,Critical
1.1779746069576003,Moderate
1.6248060354044394,Moderate
0.6586828411585546,Non-Critical
1.950283244575244,Moderate
1.6240120576255883,Moderate
3.120549128845044,Critical
2.087632377727547,Moderate
0.9179229788183384,Non-Critical
3.4661991347159318,Critical
0.9350675419172413,Non-Critical
0.6473608468444169,Non-Critical
1.257040639468069,Moderate
0.5006256879710765,Non-Critical
3.461901277084487,Critical
1.145477637372476,Moderate
1.5909846488575234,Moderate
3.0838007612251785,Critical
0.8584119412868595,Non-Critical
0.48672297626853817,Non-Critical
2.6358682674869742,Critical
1.0399848610918654,Non-Critical
3.564366555580253,Critical
0.9284222152797307,Non-Critical
2.0629557424667366,Moderate
0.8917577809210118,Non-Critical
2.704973873650787,Critical
3.5397919327609886,Critical
1.2315619164033573,Moderate
0.9305420515568344,Non-Critical
1.5782650263138434,Moderate
0.8458646588856592,Non-Critical
0.9102173843604477,Non-Critical
0.4990121070082074,Non-Critical
1.62498940521479,Moderate
1.1685327757832746,Moderate
2.6980730869078298,Critical
0.4638819820566307,Non-Critical
1.1661876651318193,Moderate
2.702674081341095,Critical
0.7368072131130528,Non-Critical
0.625166976163856,Non-Critical
3.4701955550171917,Critical
0.9057590441576395,Non-Critical
1.7529765614498412,Moderate
1.2487992025147026,Moderate
2.664636773502427,Critical
3.537000711815217,Critical
1.2323787051530843,Moderate
0.6973693953472305,Non-Critical
2.74869470641087,Critical
2.5914692295102295,Critical
0.6763779893963787,Non-Critical
2.7204914228664347,Critical
1.5904964163549629,Moderate
0.6729199849283038,Non-Critical
1.652302612552395,Moderate
0.971489372623521,Non-Critical
0.5235225177785086,Non-Critical
1.5692957612327816,Moderate
1.2139166469785252,Moderate
2.03487441559605,Moderate
0.5661067947039239,Non-Critical
3.4845663472226795,Critical
2.6514925240174296,Critical
1.5607610376422005,Moderate
3.5470144732441793,Critical
3.5758396328569626,Critical
1.173237221668471,Moderate
1.1915224642149778,Moderate
0.8518763698159457,Non-Critical
3.4004594002438,Critical
1.6684392315951782,Moderate
1.1852826138236374,Moderate
2.062888947543472,Moderate
1.8468110066843801,Moderate
1.979937253034009,Moderate
0.7283585353509847,Non-Critical
1.5116519050934973,Moderate
0.49253323814642513,Non-Critical
3.540283931962125,Critical
1.6112148653590799,Moderate
1.1798418661534975,Moderate
1.1329821895989398,Moderate
2.13173703772075,Moderate
2.661974557596432,Critical
0.8267733815843206,Non-Critical
0.8060040385525394,Non-Critical
1.6616431871654505,Moderate
3.0539574801095437,Critical
0.8664425602434664,Non-Critical
1.9743969290340437,Moderate
1.5528023237639,Moderate
0.9164136981040516,Non-Critical
3.5716607253303088,Critical
1.6289640985660467,Moderate
1.174149288752282,Moderate
1.203229482847161,Moderate
3.137692753496684,Critical
3.5150985371259638,Critical
0.8315938576873347,Non-Critical
0.4511376884434072,Non-Critical
1.6911027610671423,Moderate
0.49334617789943663,Non-Critical
2.68645359349211,Critical
0.6714432042820131,Non-Critical
2.0632579972744165,Moderate
1.031324245451845,Non-Critical
3.114502019824177,Critical
1.9051092750050111,Moderate
1.1521581643560177,Moderate
1.6045400011805024,Moderate
3.1108615597405262,Critical
1.6161995128136073,Moderate
0.9832388029374136,Non-Critical
2.0633152278584683,Moderate
1.1596859089657658,Moderate
2.6438615783864505,Critical
1.2007340069944856,Moderate
0.6408120451469902,Non-Critical
0.5169820883356675,Non-Critical
3.506551355809671,Critical
1.5878690476299864,Moderate
1.9297604226194836,Moderate
0.38301259421463013,Non-Critical
1.554243767026025,Moderate
3.1349598365847444,Critical
3.4070082296727184,Critical
0.4331228153353553,Non-Critical
1.1738113610729382,Moderate
1.6337989427903463,Moderate
1.5672128268783845,Moderate
0.4147950187176297,Non-Critical
0.5574371174911371,Non-Critical
0.5421969535445779,Non-Critical
3.0873741332848517,Critical
1.145696320869376,Moderate
0.48126024626049585,Non-Critical
1.5569008822343313,Moderate
0.875493082588031,Non-Critical
0.5462349598384896,Non-Critical
2.684044670149455,Critical
3.5500872698825754,Critical
3.1582653767773587,Critical
0.7392477144343959,Non-Critical
0.6894226698459736,Non-Critical
3.4945136274152855,Critical
1.616626615654882,Moderate
0.7583144153266242,Non-Critical
1.9420080357116518,Moderate
3.544337952720237,Critical
0.7638765095870137,Non-Critical
0.5272939418869572,Non-Critical
1.2752253359294614,Moderate
0.6949611042027006,Non-Critical
0.6533387224655332,Non-Critical
0.5444673126886175,Non-Critical
0.42071983126998724,Non-Critical
0.6883574641942207,Non-Critical
2.033757232994745,Moderate
0.9859554535011464,Non-Critical
0.4762959763316819,Non-Critical
0.48151496273956124,Non-Critical
0.6587946750367997,Non-Critical
1.9319878281203913,Moderate
3.14579651511398,Critical
2.7443196979783977,Critical
3.112383295055447,Critical
0.887724925513225,Non-Critical
2.7552339607701266,Critical
3.16258625042826,Critical
0.6900184087661183,Non-Critical
0.5881537250636989,Non-Critical
0.4934802880540235,Non-Critical
1.1678219437524675,Moderate
0.6964416505573456,Non-Critical
0.6646812248942103,Non-Critical
2.7187193225853132,Critical
1.9999440139001055,Moderate
1.2124466955198328,Moderate
0.9100828771317241,Non-Critical
1.1573531091103864,Moderate
0.3980694746713796,Non-Critical
3.5188473892847685,Critical
3.481252765507543,Critical
3.462355404138569,Critical
1.2233909891454828,Moderate
1.640427387480101,Moderate
0.7508588673810103,Non-Critical
2.0782889765601626,Moderate
3.5929747403811656,Critical
0.527356115271967,Non-Critical
0.5423936644748671,Non-Critical
1.96677066638707,Moderate
0.8073788542505522,Non-Critical
2.683686899748848,Critical
1.1978783094960446,Moderate
1.624222671962421,Moderate
3.5051276591863134,Critical
1.2943961985764734,Moderate
3.062890395300128,Critical
0.5604760351221443,Non-Critical
3.460105861819075,Critical
0.5037388394567756,Non-Critical
2.0012224360959894,Moderate
3.4483801490222574,Critical
0.7602253775803077,Non-Critical
3.038259345654426,Critical
2.68183696762156,Critical
0.7176231248594357,Non-Critical
0.8911087137355655,Non-Critical
1.147130662766836,Moderate
0.8386615632724183,Non-Critical
1.5870192984327114,Moderate
3.5499668166237246,Critical
1.9675368540194933,Moderate
1.6242599115738854,Moderate
1.6444563658763505,Moderate
0.7306522104885392,Non-Critical
2.6971522729393236,Critical
3.56908537966889,Critical
1.9400441436927385,Moderate
0.6438014118785282,Non-Critical
2.712644240748495,Critical
3.173680569612655,Critical
1.5223746263349973,Moderate
1.9846436463457107,Moderate
0.46840921554586096,Non-Critical
1.2056874076743072,Moderate
0.9270304751473538,Non-Critical
1.1626941758528637,Moderate
0.9038928362133652,Non-Critical
2.8017536651365536,Critical
1.657947479118845,Moderate
3.550952184662088,Critical
0.3931249701959706,Non-Critical
0.7110687626988114,Non-Critical
1.9349032714918248,Moderate
0.8750531225019027,Non-Critical
2.0265611614296293,Moderate
2.0385937146184916,Moderate
0.7145906383713154,Non-Critical
1.114426342013477,Moderate
3.548449893513793,Critical
3.5775940060061244,Critical
2.732374234535474,Critical
0.917410150797241,Non-Critical
1.2163873234975975,Moderate
1.6282576689404886,Moderate
1.1078807768984664,Moderate
1.6915477144378284,Moderate
2.6957574734169,Critical
0.703960752390207,Non-Critical
0.937320910981648,Non-Critical
0.9288144595859106,Non-Critical
0.8932423196483792,Non-Critical
1.9823867482525115,Moderate
3.466404398816016,Critical
0.685832841314625,Non-Critical
3.591811291986501,Critical
1.1935131898405749,Moderate
1.178338367168849,Moderate
1.6115336151190314,Moderate
3.0793831563897633,Critical
2.677057975342535,Critical
2.6508990290084853,Critical
1.6196614888492415,Moderate
3.504325277096073,Critical
1.5449669367882821,Moderate
2.6577477336015427,Critical
0.49530072836076894,Non-Critical
0.7444178762417325,Non-Critical
1.1597003195584101,Moderate
3.522698278965435,Critical
0.649296540355736,Non-Critical
3.0728252246033683,Critical
3.4802713574065303,Critical
1.1941866677344817,Moderate
2.014058658282174,Moderate
1.128559228288686,Moderate
0.9832116625748819,Non-Critical
2.7319813204748953,Critical
0.4683372898863203,Non-Critical
0.9821367150968815,Non-Critical
0.8419049889200094,Non-Critical
3.531695518886687,Critical
0.8806551724674374,Non-Critical
2.053298881487157,Moderate
1.2096590789906598,Moderate
0.9166571266037555,Non-Critical
1.1852715622669194,Moderate
0.8881370140451299,Non-Critical
1.56577219879101,Moderate
1.2043933818540364,Moderate
2.7,Critical
2.7054823877287006,Critical
1.6265346969012366,Moderate
3.118226724451663,Critical
2.002584916071431,Moderate
0.8943918049944708,Non-Critical
0.535705687427665,Non-Critical
1.5651221396701847,Moderate
2.014560260056575,Moderate
0.5675085025631006,Non-Critical
1.1893101569075022,Moderate
3.583394380555976,Critical
2.6760448414544014,Critical
0.9090715698975181,Non-Critical
1.6195227466026942,Moderate
2.566358278344853,Critical
2.678433028088025,Critical
3.4736642304026897,Critical
0.7513094834053431,Non-Critical
2.010067242660746,Moderate
2.7227511860173763,Critical
0.6941900357820122,Non-Critical
1.9864801528952278,Moderate
0.6289118965476441,Non-Critical
0.7618525270921234,Non-Critical
0.6112528477710636,Non-Critical
0.9320392567126321,Non-Critical
2.652943895203752,Critical
0.5261180106917235,Non-Critical
3.475888376064854,Critical
2.6811096733620867,Critical
1.5423162541800122,Moderate
1.2308117698276655,Moderate
2.7221272812102026,Critical
0.7510771932990743,Non-Critical
3.5,Critical
1.5429896571674422,Moderate
1.1775258285115147,Moderate
2.6994680661690906,Critical
3.0958275608386705,Critical
0.6517630778494329,Non-Critical
0.4959446421725319,Non-Critical
0.4858985476105028,Non-Critical
0.7141643399075323,Non-Critical
2.7325874070701524,Critical
2.6915140101789814,Critical
3.5189421301729196,Critical
3.6154922211045037,Critical
2.987636572232957,Critical
1.172673110348581,Moderate
3.5013292670663048,Critical
3.102608665932877,Critical
0.6498055931994323,Non-Critical
0.5430879247101683,Non-Critical
1.9706742174540017,Moderate
1.6042996740373814,Moderate
3.045333807105631,Critical
0.555383866974188,Non-Critical
0.9263349021052288,Non-Critical
0.9152075223093089,Non-Critical
2.649605352518823,Critical
0.4816660603174739,Non-Critical
1.1699269594220496,Moderate
3.145009228200998,Critical
1.6688868118137372,Moderate
1.184665135608703,Moderate
0.8950568442018857,Non-Critical
0.5547761205747905,Non-Critical
2.740630064387682,Critical
0.571476598728422,Non-Critical
1.1860161584433553,Moderate
2.773869681708502,Critical
0.47783150602364366,Non-Critical
3.14937025725232,Critical
0.4617322242439848,Non-Critical
2.029092521965354,Moderate
2.583982199380693,Critical
1.580388699353986,Moderate
0.7175654837993959,Non-Critical
0.4476395619961482,Non-Critical
1.6411860463521897,Moderate
2.803014908526204,Critical
3.1221906354691553,Critical
3.424874827197955,Critical
0.9115504988627757,Non-Critical
0.6332139745347715,Non-Critical
0.7020168202777345,Non-Critical
0.5192361657292617,Non-Critical
3.539242201830407,Critical
1.2018402749548478,Moderate
2.691291363309752,Critical
1.920891649193654,Moderate
0.6979101386062243,Non-Critical
2.7079059542452555,Critical
0.5526037443011871,Non-Critical
0.529362883087242,Non-Critical
3.5765889445300525,Critical
2.704181053870528,Critical
3.0942250560350533,Critical
0.7014916893563319,Non-Critical
3.0868463287771823,Critical
1.1584357082024461,Moderate
2.0319968082900397,Moderate
3.087208396432959,Critical
2.7668093050006086,Critical
1.9071594799029916,Moderate
0.5042999532502608,Non-Critical
3.4094690660009803,Critical
3.5231106244505312,Critical
0.8841817288419278,Non-Critical
0.7160523004582418,Non-Critical
1.9949851166278296,Moderate
0.6840986283096465,Non-Critical
0.9122973654698086,Non-Critical
2.022333075763945,Moderate
2.785939750152493,Critical
3.1624378886205253,Critical
1.5977502396178498,Moderate
3.4484593139864423,Critical
1.649776966408134,Moderate
1.2008667314575654,Moderate
1.0741952402113617,Moderate
1.9845488817401875,Moderate
0.7561064009917453,Non-Critical
1.2181504623857258,Moderate
1.2684234696882564,Moderate
0.4924415809654725,Non-Critical
1.2255756850959596,Moderate
0.6558287421956182,Non-Critical
2.9774563935729956,Critical
0.47666054059782403,Non-Critical
0.49114932069617817,Non-Critical
3.070670745746455,Critical
1.5916612132999008,Moderate
0.7104324790936684,Non-Critical
3.089098543594779,Critical
2.7721152395593123,Critical
0.8858992759032396,Non-Critical
1.6394683277834854,Moderate
3.4964659809173964,Critical
0.42007507339933586,Non-Critical
3.535719824131533,Critical
0.6958837160903633,Non-Critical
1.9593304793826662,Moderate
0.44881761191500547,Non-Critical
3.0548788452603746,Critical
0.72759774481528,Non-Critical
0.6761557988483361,Non-Critical
0.5155704673725338,Non-Critical
1.1922694620690044,Moderate
0.7560892075492294,Non-Critical
3.0488859859176336,Critical
0.9669098066469327,Non-Critical
1.1707310749013478,Moderate
3.458688526681802,Critical
2.5793609834535256,Critical
2.0891146896352355,Moderate
0.7393258375665914,Non-Critical
1.1456982723482927,Moderate
2.7281136435957247,Critical
1.1946233127866968,Moderate
1.547802796426568,Moderate
1.2218827836767152,Moderate
1.5615822170226044,Moderate
1.2089823340390027,Moderate
3.5841793104769013,Critical
1.9360955818644099,Moderate
0.4360645016111564,Non-Critical
2.6728414584471945,Critical
3.571374264184225,Critical
3.4061005617017046,Critical
3.13159907418807,Critical
2.0061870007205695,Moderate
2.0645843232829337,Moderate
1.1559380776281973,Moderate
0.8052007400426968,Non-Critical
1.2375074131616166,Moderate
3.4988876102575395,Critical
0.7152664143674345,Non-Critical
0.5925206161187513,Non-Critical
0.45162549613123826,Non-Critical
1.267653678877103,Moderate
2.0065936906560577,Moderate
0.9122469613522234,Non-Critical
0.8642071278109383,Non-Critical
0.8663514491136268,Non-Critical
3.4898529028162315,Critical
0.5386105738676252,Non-Critical
0.5727259020479518,Non-Critical
2.035298487334941,Moderate
0.5140427174362762,Non-Critical
3.5169937680596353,Critical
1.9901997851077493,Moderate
2.6436109617554147,Critical
2.743100002520607,Critical
0.422875769609922,Non-Critical
3.171815087828165,Critical
2.038343364666453,Moderate
1.1264093824337906,Moderate
1.2045078413833785,Moderate
3.5225884300470494,Critical
2.6864162808156355,Critical
2.7789592751490817,Critical
3.49147962094179,Critical
0.47852636770527496,Non-Critical
0.8695621538177337,Non-Critical
2.0179398041953127,Moderate
0.6701814166181611,Non-Critical
0.9578984526282774,Non-Critical
1.5583368704231377,Moderate
3.12947734430178,Critical
0.7599864890172084,Non-Critical
1.1810980354134262,Moderate
2.6993840353535345,Critical
0.6138269344771545,Non-Critical
1.6490095435835912,Moderate
0.5740226516965343,Non-Critical
0.48067771188867914,Non-Critical
0.6665830815822649,Non-Critical
3.1565049658202256,Critical
3.1121876240200823,Critical
0.48438659026966735,Non-Critical
0.8590864980540771,Non-Critical
0.4795913412005523,Non-Critical
3.468169235844888,Critical
0.7,Non-Critical
3.1170395704001055,Critical
3.474644735978588,Critical
1.6037699771573033,Moderate
2.0365906697160443,Moderate
2.6311342172239818,Critical
0.8369752066554152,Non-Critical
2.6354058865884156,Critical
0.6847538914530419,Non-Critical
2.645815058632097,Critical
0.48861172272093284,Non-Critical
2.770191069603328,Critical
1.1725963533377588,Moderate
3.0123950713636516,Critical
2.7204018088440636,Critical
1.2717503088994466,Moderate
0.4425420354730682,Non-Critical
1.6102353343010265,Moderate
1.9794733005992493,Moderate
0.44611318209763684,Non-Critical
1.958905411422848,Moderate
1.278783879608533,Moderate
2.6489477419660843,Critical
3.477967378921513,Critical
0.586141494168453,Non-Critical
3.081189394810827,Critical
1.9771921901942322,Moderate
1.179860852944688,Moderate
2.631762917389922,Critical
3.574369914484293,Critical
0.7670127200475914,Non-Critical
0.8222080294167533,Non-Critical
1.2244691969469204,Moderate
0.877689736782637,Non-Critical
0.5377321808586304,Non-Critical
0.9505031848432464,Non-Critical
3.193115878069744,Critical
2.682452380889101,Critical
1.6108636579114313,Moderate
1.5265680284842356,Moderate
0.889020300537062,Non-Critical
2.0435411385183317,Moderate
0.47556587155185187,Non-Critical
0.9715549582794649,Non-Critical
0.728907745843226,Non-Critical
0.7710537969034892,Non-Critical
3.5113393023054567,Critical
1.9639002730131645,Moderate
0.7218139726616432,Non-Critical
3.431099536157607,Critical
0.4926463250245698,Non-Critical
1.6545329968044067,Moderate
0.7906796779991425,Non-Critical
0.42090237412810505,Non-Critical
0.49142750842561034,Non-Critical
0.9197586571407743,Non-Critical
0.5222471031272311,Non-Critical
1.2889160453359911,Moderate
1.278768832471777,Moderate
3.1941087440102027,Critical
0.975435981166129,Non-Critical
1.566051034282401,Moderate
3.501545863901635,Critical
1.1772259375572591,Moderate
3.1229852977507493,Critical
2.7279770185308085,Critical
1.5985991107552129,Moderate
1.1209830341077232,Moderate
3.014717389199224,Critical
2.016752118376871,Moderate
0.4681751975075873,Non-Critical
3.5030852317025185,Critical
2.054803211652859,Moderate
0.6081744898812463,Non-Critical
3.131768557143064,Critical
1.5654942229424027,Moderate
3.5210113354737294,Critical
1.6589092426408594,Moderate
1.6435987749859504,Moderate
1.2920627807213452,Moderate
2.719563232996662,Critical
1.2541175964895868,Moderate
1.5071844216442774,Moderate
0.6964341966437032,Non-Critical
1.5094893339456592,Moderate
0.5530759385206878,Non-Critical
2.628643179890688,Critical
1.9068757623687602,Moderate
0.7047160078190549,Non-Critical
0.38923599421982646,Non-Critical
0.7201688121263362,Non-Critical
3.5497850692949964,Critical
2.703095824183998,Critical
2.7146466911748646,Critical
1.9754888924980611,Moderate
0.8622229640629736,Non-Critical
2.0499837009935993,Moderate
0.7689916164877194,Non-Critical
2.051914496449191,Moderate
2.7223906858361357,Critical
3.10901819715132,Critical
3.5277791044325064,Critical
2.6492466047135594,Critical
2.6948289943212687,Critical
2.668891614987287,Critical
0.6616739776510564,Non-Critical
0.7286047861799241,Non-Critical
0.46200660373275426,Non-Critical
0.8726497639577503,Non-Critical
1.9677895874806777,Moderate
1.1707405775536495,Moderate
1.2477174164545848,Moderate
0.6921341083575766,Non-Critical
0.5409035046637243,Non-Critical
0.5126602255147675,Non-Critical
2.773647678609479,Critical
0.5117297790446719,Non-Critical
2.0277620037139714,Moderate
3.0897965242475784,Critical
3.099768351388783,Critical
2.043713883945953,Moderate
0.6720149864425093,Non-Critical
1.2107549067909518,Moderate
0.495079129567111,Non-Critical
0.37906928586521427,Non-Critical
2.673864065191516,Critical
3.564528188116059,Critical
1.5982762567482685,Moderate
2.6574231405407116,Critical
0.6931386649081872,Non-Critical
3.1238764668633396,Critical
2.673116871154849,Critical
0.6690972796607396,Non-Critical
1.2086503569826113,Moderate
1.1765067375390212,Moderate
3.116350493439466,Critical
1.9627508530637179,Moderate
0.4810857391317897,Non-Critical
2.738146324116847,Critical
1.1942838915997627,Moderate
3.032209301443672,Critical
1.6381074620979343,Moderate
3.522416203298658,Critical
1.209218335358783,Moderate
2.730806733400112,Critical
0.5044467770444643,Non-Critical
0.5977346257705624,Non-Critical
0.7798513929925491,Non-Critical
0.782405608091194,Non-Critical
2.7353424820449526,Critical
0.4873638843713471,Non-Critical
0.48152723310881257,Non-Critical
3.5524669805271705,Critical
2.074004960185696,Moderate
0.6873081219437233,Non-Critical
0.46548352104111124,Non-Critical
3.0711052945961175,Critical
2.000668790635793,Moderate
1.5981375373723938,Moderate
3.44140142035496,Critical
1.0935915229007094,Moderate
3.455560134338454,Critical
3.411618894353031,Critical
2.708485327257141,Critical
2.610664624431596,Critical
1.1365455192570093,Moderate
3.1285268518069245,Critical
2.725561090727377,Critical
0.7204875609811644,Non-Critical
1.15461912469497,Moderate
3.561645096705135,Critical
2.6837227494240237,Critical
1.182270622637432,Moderate
2.0319379690837986,Moderate
0.7361100854483228,Non-Critical
2.6489688490243335,Critical
3.465581385888462,Critical
1.6028248345996616,Moderate
1.1597736684887592,Moderate
0.5005167781591178,Non-Critical
1.200266143022585,Moderate
3.5215150679478775,Critical
0.5141720717872319,Non-Critical
0.5021725012175728,Non-Critical
0.7359173943447082,Non-Critical
0.6566573820038322,Non-Critical
3.635537276360916,Critical
2.025506935780672,Moderate
0.6702636328113001,Non-Critical
0.6099423926741167,Non-Critical
3.4461877399840617,Critical
0.5668189728938412,Non-Critical
1.5939097387973333,Moderate
0.6880264467441838,Non-Critical
0.8848399191644751,Non-Critical
1.6217004911725055,Moderate
1.5356934981645605,Moderate
0.5151524141466358,Non-Critical
2.6906164504535774,Critical
1.6395196738483087,Moderate
3.1364357117037174,Critical
1.1394800636108606,Moderate
1.2,Moderate
1.4972619346162355,Moderate
2.0105856892085296,Moderate
0.42181474407284253,Non-Critical
0.7526211506399585,Non-Critical
3.04828459741628,Critical
0.7343476833885407,Non-Critical
3.4748021129294693,Critical
1.252819279301544,Moderate
0.7050910306551649,Non-Critical
1.6601350403268074,Moderate
3.6114865920704773,Critical
0.4619567627475912,Non-Critical
2.0124456799337516,Moderate
2.663535653181317,Critical
1.178669750847045,Moderate
0.9360612686399896,Non-Critical
0.937762588798805,Non-Critical
0.8637713085906046,Non-Critical
3.222871204603795,Critical
1.5515099802442465,Moderate
2.9909894967755264,Critical
1.2053767090026817,Moderate
1.1490941194240656,Moderate
3.0895295586480196,Critical
3.119796693721541,Critical
3.5141293491459646,Critical
3.4278850432220294,Critical
0.9238705286718044,Non-Critical
2.787684551335054,Critical
1.6098778141263752,Moderate
0.9173967238591355,Non-Critical
1.6056937597071006,Moderate
2.6444447549541223,Critical
0.48721801474761023,Non-Critical
2.7120822260838375,Critical
1.9911893470519013,Moderate
1.9233567560823646,Moderate
2.6669291553846595,Critical
2.0145366588933413,Moderate
3.5282730209584545,Critical
0.9707957137288634,Non-Critical
3.3611002859635715,Critical
3.5623974992529717,Critical
1.9990049164546708,Moderate
2.722236340909762,Critical
0.9681229122000107,Non-Critical
0.9021311261539353,Non-Critical
2.0294351639107577,Moderate
2.7135047717098644,Critical
3.078229626352802,Critical
1.5911817024755335,Moderate
0.9159777003361681,Non-Critical
3.0275936370292476,Critical
1.6316434161778646,Moderate
2.0033835629031356,Moderate
1.2113581399193734,Moderate
0.544760920111309,Non-Critical
1.7010319849387916,Moderate
0.6407517395857892,Non-Critical
0.5700182958440665,Non-Critical
3.021952082350278,Critical
0.49309764623592334,Non-Critical
0.5297345105685092,Non-Critical
2.7059612930563697,Critical
1.581778579096788,Moderate
1.975357011555222,Moderate
0.7387876150224955,Non-Critical
0.8674351936819928,Non-Critical
0.6757599800248881,Non-Critical
1.2734968615470614,Moderate
3.4853110539923935,Critical
0.7348205945411385,Non-Critical
3.1630468661781492,Critical
1.2122340962743674,Moderate
3.0873311215525994,Critical
2.7448907704205276,Critical
0.46954484280883396,Non-Critical
0.5322556343830561,Non-Critical
2.6673541927667648,Critical
1.9814644807763448,Moderate
2.0419784045387126,Moderate
2.024817151717037,Moderate
0.5729085403739554,Non-Critical
1.5415194998760586,Moderate
1.1952357106493032,Moderate
1.641320365494663,Moderate
